"Nombre","UrlOriginal","PaginaEncontrada","Extension","TamanoBytes","TamanoKB","Resolucion","RutaLocal","FechaDescarga"
"flag-of-costa-rica-1.png","https://www.galeriadeviajes.com/files/2/images/flag-of-costa-rica.png","https://www.galeriadeviajes.com",".png","993","0.97","20 x 12","C:\Proyectos\galeria-viajes-demo\assets\images\sitio-actual\flag-of-costa-rica-1.png","7/27/2026 10:11:31 AM"
"facebook-logo-1.png","https://www.galeriadeviajes.com/files/2/images/facebook-logo.png","https://www.galeriadeviajes.com",".png","1988","1.94","128 x 128","C:\Proyectos\galeria-viajes-demo\assets\images\sitio-actual\facebook-logo-1.png","7/27/2026 10:11:31 AM"
"phone-1.png","https://www.galeriadeviajes.com/files/2/images/phone.png","https://www.galeriadeviajes.com",".png","217","0.21","20 x 20","C:\Proyectos\galeria-viajes-demo\assets\images\sitio-actual\phone-1.png","7/27/2026 10:11:32 AM"
"guatemala-flag-1.png","https://www.galeriadeviajes.com/files/2/images/guatemala-flag.png","https://www.galeriadeviajes.com",".png","1163","1.14","20 x 12","C:\Proyectos\galeria-viajes-demo\assets\images\sitio-actual\guatemala-flag-1.png","7/27/2026 10:11:32 AM"
"logotop-1.png","https://www.galeriadeviajes.com/files/2/images/logotop.png","https://www.galeriadeviajes.com",".png","19862","19.4","350 x 191","C:\Proyectos\galeria-viajes-demo\assets\images\sitio-actual\logotop-1.png","7/27/2026 10:11:33 AM"
"alarm-bell-1.png","https://www.galeriadeviajes.com/files/2/images/alarm-bell.png","https://www.galeriadeviajes.com",".png","612","0.6","24 x 24","C:\Proyectos\galeria-viajes-demo\assets\images\sitio-actual\alarm-bell-1.png","7/27/2026 10:11:33 AM"
"cotice_icon_btn-1.png","https://www.galeriadeviajes.com/files/2/images/cotice_icon_btn.png","https://www.galeriadeviajes.com",".png","1314","1.28","153 x 45","C:\Proyectos\galeria-viajes-demo\assets\images\sitio-actual\cotice_icon_btn-1.png","7/27/2026 10:11:33 AM"
"europa_icon_btn-1.png","https://www.galeriadeviajes.com/files/2/images/europa_icon_btn.png","https://www.galeriadeviajes.com",".png","2082","2.03","113 x 45","C:\Proyectos\galeria-viajes-demo\assets\images\sitio-actual\europa_icon_btn-1.png","7/27/2026 10:11:34 AM"
"resto_mundo_icon_btn-1.png","https://www.galeriadeviajes.com/files/2/images/resto_mundo_icon_btn.png","https://www.galeriadeviajes.com",".png","5592","5.46","224 x 45","C:\Proyectos\galeria-viajes-demo\assets\images\sitio-actual\resto_mundo_icon_btn-1.png","7/27/2026 10:11:34 AM"
"descargar_pdf-1.png","https://www.galeriadeviajes.com/files/2/images/descargar_pdf.png","https://www.galeriadeviajes.com",".png","3614","3.53","243 x 40","C:\Proyectos\galeria-viajes-demo\assets\images\sitio-actual\descargar_pdf-1.png","7/27/2026 10:11:34 AM"
"10.DUBAI-EXPO-FERIAS-04-D_AS-1.jpg","https://www.galeriadeviajes.com/banner/image_es/0000/0754/10.DUBAI-EXPO-FERIAS-04-D_AS.jpg","https://www.galeriadeviajes.com",".jpg","724185","707.21","1200 x 703","C:\Proyectos\galeria-viajes-demo\assets\images\sitio-actual\10.DUBAI-EXPO-FERIAS-04-D_AS-1.jpg","7/27/2026 10:11:37 AM"
"22.WASHINGTON-NEW-YORK-1.jpg","https://www.galeriadeviajes.com/banner/image_es/0000/0766/22.WASHINGTON-NEW-YORK.jpg","https://www.galeriadeviajes.com",".jpg","512855","500.83","1200 x 703","C:\Proyectos\galeria-viajes-demo\assets\images\sitio-actual\22.WASHINGTON-NEW-YORK-1.jpg","7/27/2026 10:11:38 AM"
"25.KENIA-1.jpg","https://www.galeriadeviajes.com/banner/image_es/0000/0769/25.KENIA.jpg","https://www.galeriadeviajes.com",".jpg","672264","656.51","1200 x 703","C:\Proyectos\galeria-viajes-demo\assets\images\sitio-actual\25.KENIA-1.jpg","7/27/2026 10:11:40 AM"
"3.MARAVILLAS-DE-EUROPA-1.jpg","https://www.galeriadeviajes.com/banner/image_es/0000/0773/3.MARAVILLAS-DE-EUROPA.jpg","https://www.galeriadeviajes.com",".jpg","849756","829.84","1200 x 703","C:\Proyectos\galeria-viajes-demo\assets\images\sitio-actual\3.MARAVILLAS-DE-EUROPA-1.jpg","7/27/2026 10:11:42 AM"
"6.DISFRUTANDO-PATAGONIA-1.jpg","https://www.galeriadeviajes.com/banner/image_es/0000/0750/6.DISFRUTANDO-PATAGONIA.jpg","https://www.galeriadeviajes.com",".jpg","949788","927.53","1200 x 703","C:\Proyectos\galeria-viajes-demo\assets\images\sitio-actual\6.DISFRUTANDO-PATAGONIA-1.jpg","7/27/2026 10:11:43 AM"
"23.MYKONOS-Y-SANTORINI.jpg","https://www.galeriadeviajes.com/banner/image_es/0000/0767/23.MYKONOS-Y-SANTORINI.jpg","https://www.galeriadeviajes.com",".jpg","727590","710.54","1200 x 703","C:\Proyectos\galeria-viajes-demo\assets\images\sitio-actual\23.MYKONOS-Y-SANTORINI.jpg","7/27/2026 10:11:45 AM"
"17.LA-PEQUE_A-GIRA-EUROPEA-1.jpg","https://www.galeriadeviajes.com/banner/image_es/0000/0761/17.LA-PEQUE_A-GIRA-EUROPEA.jpg","https://www.galeriadeviajes.com",".jpg","712435","695.74","1200 x 703","C:\Proyectos\galeria-viajes-demo\assets\images\sitio-actual\17.LA-PEQUE_A-GIRA-EUROPEA-1.jpg","7/27/2026 10:11:46 AM"
"20.QUERIDA-EUROPA-1.jpg","https://www.galeriadeviajes.com/banner/image_es/0000/0764/20.QUERIDA-EUROPA.jpg","https://www.galeriadeviajes.com",".jpg","817317","798.16","1200 x 703","C:\Proyectos\galeria-viajes-demo\assets\images\sitio-actual\20.QUERIDA-EUROPA-1.jpg","7/27/2026 10:11:47 AM"
"4.CAPITALES-DEL-ARTE-1.jpg","https://www.galeriadeviajes.com/banner/image_es/0000/0748/4.CAPITALES-DEL-ARTE.jpg","https://www.galeriadeviajes.com",".jpg","810034","791.05","1200 x 703","C:\Proyectos\galeria-viajes-demo\assets\images\sitio-actual\4.CAPITALES-DEL-ARTE-1.jpg","7/27/2026 10:11:48 AM"
"5.DESCUBRIENDO-GUATEMALA-1.jpg","https://www.galeriadeviajes.com/banner/image_es/0000/0749/5.DESCUBRIENDO-GUATEMALA.jpg","https://www.galeriadeviajes.com",".jpg","862403","842.19","1200 x 703","C:\Proyectos\galeria-viajes-demo\assets\images\sitio-actual\5.DESCUBRIENDO-GUATEMALA-1.jpg","7/27/2026 10:11:50 AM"
"4.LUCES-DE-EUROPA-1.jpg","https://www.galeriadeviajes.com/banner/image_es/0000/0774/4.LUCES-DE-EUROPA.jpg","https://www.galeriadeviajes.com",".jpg","633590","618.74","1200 x 703","C:\Proyectos\galeria-viajes-demo\assets\images\sitio-actual\4.LUCES-DE-EUROPA-1.jpg","7/27/2026 10:11:51 AM"
"18.LIMA-Y-CUSCO-B_SICO-1.jpg","https://www.galeriadeviajes.com/banner/image_es/0000/0762/18.LIMA-Y-CUSCO-B_SICO.jpg","https://www.galeriadeviajes.com",".jpg","821197","801.95","1200 x 703","C:\Proyectos\galeria-viajes-demo\assets\images\sitio-actual\18.LIMA-Y-CUSCO-B_SICO-1.jpg","7/27/2026 10:11:52 AM"
"8.DUBAI-6-D_AS.jpg","https://www.galeriadeviajes.com/banner/image_es/0000/0752/8.DUBAI-6-D_AS.jpg","https://www.galeriadeviajes.com",".jpg","600003","585.94","1200 x 703","C:\Proyectos\galeria-viajes-demo\assets\images\sitio-actual\8.DUBAI-6-D_AS.jpg","7/27/2026 10:11:53 AM"
"10.SURAMERICA.jpg","https://www.galeriadeviajes.com/banner/image_es/0000/0780/10.SURAMERICA.jpg","https://www.galeriadeviajes.com",".jpg","544993","532.22","1200 x 703","C:\Proyectos\galeria-viajes-demo\assets\images\sitio-actual\10.SURAMERICA.jpg","7/27/2026 10:11:54 AM"
"16.EUROPA-EXQUISITA.jpg","https://www.galeriadeviajes.com/banner/image_es/0000/0760/16.EUROPA-EXQUISITA.jpg","https://www.galeriadeviajes.com",".jpg","640856","625.84","1200 x 703","C:\Proyectos\galeria-viajes-demo\assets\images\sitio-actual\16.EUROPA-EXQUISITA.jpg","7/27/2026 10:11:56 AM"
"14.EUROPA-EN-BREVE-1.jpg","https://www.galeriadeviajes.com/banner/image_es/0000/0758/14.EUROPA-EN-BREVE.jpg","https://www.galeriadeviajes.com",".jpg","428982","418.93","1200 x 703","C:\Proyectos\galeria-viajes-demo\assets\images\sitio-actual\14.EUROPA-EN-BREVE-1.jpg","7/27/2026 10:11:57 AM"
"trabax-logo-1.png","https://www.galeriadeviajes.com/files/2/images/trabax-logo.png","https://www.galeriadeviajes.com",".png","26193","25.58","598 x 250","C:\Proyectos\galeria-viajes-demo\assets\images\sitio-actual\trabax-logo-1.png","7/27/2026 10:11:57 AM"
"EuroRutas-1.png","https://www.galeriadeviajes.com/files/2/images/EuroRutas.png","https://www.galeriadeviajes.com",".png","4819","4.71","206 x 40","C:\Proyectos\galeria-viajes-demo\assets\images\sitio-actual\EuroRutas-1.png","7/27/2026 10:11:58 AM"
"mapa_plus-logo-1.png","https://www.galeriadeviajes.com/files/2/images/mapa_plus-logo.png","https://www.galeriadeviajes.com",".png","15761","15.39","689 x 166","C:\Proyectos\galeria-viajes-demo\assets\images\sitio-actual\mapa_plus-logo-1.png","7/27/2026 10:11:58 AM"
"galeria_dynamics-logo-1.png","https://www.galeriadeviajes.com/files/2/images/galeria_dynamics-logo.png","https://www.galeriadeviajes.com",".png","15061","14.71","598 x 250","C:\Proyectos\galeria-viajes-demo\assets\images\sitio-actual\galeria_dynamics-logo-1.png","7/27/2026 10:11:59 AM"
"wamos-logo-1.png","https://www.galeriadeviajes.com/files/2/images/wamos-logo.png","https://www.galeriadeviajes.com",".png","7022","6.86","598 x 250","C:\Proyectos\galeria-viajes-demo\assets\images\sitio-actual\wamos-logo-1.png","7/27/2026 10:11:59 AM"
"europaparatodos-1.png","https://www.galeriadeviajes.com/files/2/images/europaparatodos.png","https://www.galeriadeviajes.com",".png","6100","5.96","327 x 132","C:\Proyectos\galeria-viajes-demo\assets\images\sitio-actual\europaparatodos-1.png","7/27/2026 10:12:00 AM"
"mapaplus_logo-1.png","https://www.galeriadeviajes.com/files/2/images/mapaplus_logo.png","https://www.galeriadeviajes.com",".png","4515","4.41","210 x 70","C:\Proyectos\galeria-viajes-demo\assets\images\sitio-actual\mapaplus_logo-1.png","7/27/2026 10:12:00 AM"
"GALERI%CC%81A-DYNAMICS-LOGO-1.png","https://www.galeriadeviajes.com/files/2/images/GALERI%CC%81A-DYNAMICS-LOGO.png","https://www.galeriadeviajes.com",".png","150744","147.21","3159 x 1869","C:\Proyectos\galeria-viajes-demo\assets\images\sitio-actual\GALERI%CC%81A-DYNAMICS-LOGO-1.png","7/27/2026 10:12:01 AM"
"europe-1.jpg","https://www.galeriadeviajes.com/files/2/images/europe.jpg","https://www.galeriadeviajes.com",".jpg","232206","226.76","500 x 334","C:\Proyectos\galeria-viajes-demo\assets\images\sitio-actual\europe-1.jpg","7/27/2026 10:12:01 AM"
"asia-1.jpg","https://www.galeriadeviajes.com/files/2/images/asia.jpg","https://www.galeriadeviajes.com",".jpg","205994","201.17","500 x 334","C:\Proyectos\galeria-viajes-demo\assets\images\sitio-actual\asia-1.jpg","7/27/2026 10:12:02 AM"
"close-envelope-1.png","https://www.galeriadeviajes.com/files/2/images/close-envelope.png","https://www.galeriadeviajes.com",".png","594","0.58","24 x 24","C:\Proyectos\galeria-viajes-demo\assets\images\sitio-actual\close-envelope-1.png","7/27/2026 10:12:03 AM"
"call-answer-1.png","https://www.galeriadeviajes.com/files/2/images/call-answer.png","https://www.galeriadeviajes.com",".png","578","0.56","24 x 24","C:\Proyectos\galeria-viajes-demo\assets\images\sitio-actual\call-answer-1.png","7/27/2026 10:12:03 AM"
"schedule-button-1.png","https://www.galeriadeviajes.com/files/2/images/schedule-button.png","https://www.galeriadeviajes.com",".png","607","0.59","24 x 24","C:\Proyectos\galeria-viajes-demo\assets\images\sitio-actual\schedule-button-1.png","7/27/2026 10:12:03 AM"
"footerdiv-1.png","https://www.galeriadeviajes.com/files/2/images/footerdiv.png","https://www.galeriadeviajes.com",".png","992","0.97","400 x 10","C:\Proyectos\galeria-viajes-demo\assets\images\sitio-actual\footerdiv-1.png","7/27/2026 10:12:04 AM"
"travel_planner_1.jpg","https://www.galeriadeviajes.com/files/2/images/travel_planner_1.jpg","https://www.galeriadeviajes.com/es/forms/request_itinerary",".jpg","27381","26.74","340 x 508","C:\Proyectos\galeria-viajes-demo\assets\images\sitio-actual\travel_planner_1.jpg","7/27/2026 10:12:07 AM"
"travel_planner_2.jpg","https://www.galeriadeviajes.com/files/2/images/travel_planner_2.jpg","https://www.galeriadeviajes.com/es/forms/request_itinerary",".jpg","49191","48.04","340 x 508","C:\Proyectos\galeria-viajes-demo\assets\images\sitio-actual\travel_planner_2.jpg","7/27/2026 10:12:08 AM"
"travel_planner_3.jpg","https://www.galeriadeviajes.com/files/2/images/travel_planner_3.jpg","https://www.galeriadeviajes.com/es/forms/request_itinerary",".jpg","41954","40.97","340 x 508","C:\Proyectos\galeria-viajes-demo\assets\images\sitio-actual\travel_planner_3.jpg","7/27/2026 10:12:08 AM"
"13.EUROPA-EN-BANDEJA-INSIDE.jpg","https://www.galeriadeviajes.com/picture/image/0000/8229/medium_screen/13.EUROPA-EN-BANDEJA-INSIDE.jpg","https://www.galeriadeviajes.com/es/categories/europa/packets",".jpg","224072","218.82","500 x 375","C:\Proyectos\galeria-viajes-demo\assets\images\sitio-actual\13.EUROPA-EN-BANDEJA-INSIDE.jpg","7/27/2026 10:12:10 AM"
"14.EUROPA-EN-BREVE-INSIDE.jpg","https://www.galeriadeviajes.com/picture/image/0000/8230/medium_screen/14.EUROPA-EN-BREVE-INSIDE.jpg","https://www.galeriadeviajes.com/es/categories/europa/packets",".jpg","119979","117.17","500 x 375","C:\Proyectos\galeria-viajes-demo\assets\images\sitio-actual\14.EUROPA-EN-BREVE-INSIDE.jpg","7/27/2026 10:12:11 AM"
"15.EUROPA-ESTILO-MP1-INSIDE.jpg","https://www.galeriadeviajes.com/picture/image/0000/8231/medium_screen/15.EUROPA-ESTILO-MP1-INSIDE.jpg","https://www.galeriadeviajes.com/es/categories/europa/packets",".jpg","199575","194.9","500 x 375","C:\Proyectos\galeria-viajes-demo\assets\images\sitio-actual\15.EUROPA-ESTILO-MP1-INSIDE.jpg","7/27/2026 10:12:12 AM"
"16.EUROPA-EXQUISITA-INSIDE.jpg","https://www.galeriadeviajes.com/picture/image/0000/8232/medium_screen/16.EUROPA-EXQUISITA-INSIDE.jpg","https://www.galeriadeviajes.com/es/categories/europa/packets",".jpg","158436","154.72","500 x 375","C:\Proyectos\galeria-viajes-demo\assets\images\sitio-actual\16.EUROPA-EXQUISITA-INSIDE.jpg","7/27/2026 10:12:12 AM"
"17.LA-PEQUE_A-GIRA-EUROPEA-INSIDE.jpg","https://www.galeriadeviajes.com/picture/image/0000/8233/medium_screen/17.LA-PEQUE_A-GIRA-EUROPEA-INSIDE.jpg","https://www.galeriadeviajes.com/es/categories/europa/packets",".jpg","183137","178.84","500 x 375","C:\Proyectos\galeria-viajes-demo\assets\images\sitio-actual\17.LA-PEQUE_A-GIRA-EUROPEA-INSIDE.jpg","7/27/2026 10:12:13 AM"
"20.QUERIDA-EUROPA-INSIDE.jpg","https://www.galeriadeviajes.com/picture/image/0000/8236/medium_screen/20.QUERIDA-EUROPA-INSIDE.jpg","https://www.galeriadeviajes.com/es/categories/europa/packets",".jpg","176658","172.52","500 x 375","C:\Proyectos\galeria-viajes-demo\assets\images\sitio-actual\20.QUERIDA-EUROPA-INSIDE.jpg","7/27/2026 10:12:14 AM"
"21.TURQU_A-EN-OFERTA-INSIDE.jpg","https://www.galeriadeviajes.com/picture/image/0000/8237/medium_screen/21.TURQU_A-EN-OFERTA-INSIDE.jpg","https://www.galeriadeviajes.com/es/categories/europa/packets",".jpg","145001","141.6","500 x 375","C:\Proyectos\galeria-viajes-demo\assets\images\sitio-actual\21.TURQU_A-EN-OFERTA-INSIDE.jpg","7/27/2026 10:12:15 AM"
"23.MYKONOS-Y-SANTORINI-INSIDE.jpg","https://www.galeriadeviajes.com/picture/image/0000/8239/medium_screen/23.MYKONOS-Y-SANTORINI-INSIDE.jpg","https://www.galeriadeviajes.com/es/categories/europa/packets",".jpg","173728","169.66","500 x 375","C:\Proyectos\galeria-viajes-demo\assets\images\sitio-actual\23.MYKONOS-Y-SANTORINI-INSIDE.jpg","7/27/2026 10:12:15 AM"
"1.CIUDADES-IMPERIALES-I-INSIDE.jpg","https://www.galeriadeviajes.com/picture/image/0000/8243/medium_screen/1.CIUDADES-IMPERIALES-I-INSIDE.jpg","https://www.galeriadeviajes.com/es/categories/europa/packets",".jpg","211354","206.4","500 x 375","C:\Proyectos\galeria-viajes-demo\assets\images\sitio-actual\1.CIUDADES-IMPERIALES-I-INSIDE.jpg","7/27/2026 10:12:16 AM"
"2.ITALIA-BRILLANTE-INSIDE.jpg","https://www.galeriadeviajes.com/picture/image/0000/8244/medium_screen/2.ITALIA-BRILLANTE-INSIDE.jpg","https://www.galeriadeviajes.com/es/categories/europa/packets",".jpg","206389","201.55","500 x 375","C:\Proyectos\galeria-viajes-demo\assets\images\sitio-actual\2.ITALIA-BRILLANTE-INSIDE.jpg","7/27/2026 10:12:17 AM"
"3.MARAVILLAS-DE-EUROPA-INSIDE.jpg","https://www.galeriadeviajes.com/picture/image/0000/8245/medium_screen/3.MARAVILLAS-DE-EUROPA-INSIDE.jpg","https://www.galeriadeviajes.com/es/categories/europa/packets",".jpg","215379","210.33","500 x 375","C:\Proyectos\galeria-viajes-demo\assets\images\sitio-actual\3.MARAVILLAS-DE-EUROPA-INSIDE.jpg","7/27/2026 10:12:18 AM"
"4.LUCES-DE-EUROPA-INSIDE.jpg","https://www.galeriadeviajes.com/picture/image/0000/8246/medium_screen/4.LUCES-DE-EUROPA-INSIDE.jpg","https://www.galeriadeviajes.com/es/categories/europa/packets",".jpg","161539","157.75","500 x 375","C:\Proyectos\galeria-viajes-demo\assets\images\sitio-actual\4.LUCES-DE-EUROPA-INSIDE.jpg","7/27/2026 10:12:19 AM"
"tour1.jpg","https://www.galeriadeviajes.com/files/2/Image/tour1.jpg","https://www.galeriadeviajes.com/es/pages/servicios",".jpg","51313","50.11","745 x 300","C:\Proyectos\galeria-viajes-demo\assets\images\sitio-actual\tour1.jpg","7/27/2026 10:12:22 AM"
"traveltourdesign.png","https://www.galeriadeviajes.com/files/2/Image/traveltourdesign.png","https://www.galeriadeviajes.com/es/pages/servicios",".png","11772","11.5","512 x 512","C:\Proyectos\galeria-viajes-demo\assets\images\sitio-actual\traveltourdesign.png","7/27/2026 10:12:23 AM"
"traveltour.png","https://www.galeriadeviajes.com/files/2/Image/traveltour.png","https://www.galeriadeviajes.com/es/pages/servicios",".png","27874","27.22","512 x 512","C:\Proyectos\galeria-viajes-demo\assets\images\sitio-actual\traveltour.png","7/27/2026 10:12:23 AM"
"transfer.png","https://www.galeriadeviajes.com/files/2/Image/transfer.png","https://www.galeriadeviajes.com/es/pages/servicios",".png","9483","9.26","512 x 512","C:\Proyectos\galeria-viajes-demo\assets\images\sitio-actual\transfer.png","7/27/2026 10:12:24 AM"
"hotel.png","https://www.galeriadeviajes.com/files/2/Image/hotel.png","https://www.galeriadeviajes.com/es/pages/servicios",".png","9736","9.51","512 x 512","C:\Proyectos\galeria-viajes-demo\assets\images\sitio-actual\hotel.png","7/27/2026 10:12:24 AM"
"group.png","https://www.galeriadeviajes.com/files/2/Image/group.png","https://www.galeriadeviajes.com/es/pages/servicios",".png","20706","20.22","512 x 512","C:\Proyectos\galeria-viajes-demo\assets\images\sitio-actual\group.png","7/27/2026 10:12:24 AM"
"cruise.png","https://www.galeriadeviajes.com/files/2/Image/cruise.png","https://www.galeriadeviajes.com/es/pages/servicios",".png","12730","12.43","512 x 512","C:\Proyectos\galeria-viajes-demo\assets\images\sitio-actual\cruise.png","7/27/2026 10:12:25 AM"
"ship.png","https://www.galeriadeviajes.com/files/2/Image/ship.png","https://www.galeriadeviajes.com/es/pages/servicios",".png","11300","11.04","512 x 512","C:\Proyectos\galeria-viajes-demo\assets\images\sitio-actual\ship.png","7/27/2026 10:12:25 AM"
"packagetourist.png","https://www.galeriadeviajes.com/files/2/Image/packagetourist.png","https://www.galeriadeviajes.com/es/pages/servicios",".png","13609","13.29","512 x 512","C:\Proyectos\galeria-viajes-demo\assets\images\sitio-actual\packagetourist.png","7/27/2026 10:12:26 AM"
"calendaricon.png","https://www.galeriadeviajes.com/files/2/Image/calendaricon.png","https://www.galeriadeviajes.com/es/pages/servicios",".png","11207","10.94","512 x 512","C:\Proyectos\galeria-viajes-demo\assets\images\sitio-actual\calendaricon.png","7/27/2026 10:12:26 AM"
"tour.png","https://www.galeriadeviajes.com/files/2/Image/tour.png","https://www.galeriadeviajes.com/es/pages/servicios",".png","18326","17.9","512 x 512","C:\Proyectos\galeria-viajes-demo\assets\images\sitio-actual\tour.png","7/27/2026 10:12:26 AM"
"1.AL-ENCUENTRO-DEL-ESP_RITU-INCA.jpg","https://www.galeriadeviajes.com/banner/image_es/0000/0745/1.AL-ENCUENTRO-DEL-ESP_RITU-INCA.jpg","https://www.galeriadeviajes.com/es/pages/servicios",".jpg","947185","924.99","1200 x 703","C:\Proyectos\galeria-viajes-demo\assets\images\sitio-actual\1.AL-ENCUENTRO-DEL-ESP_RITU-INCA.jpg","7/27/2026 10:12:30 AM"
"8.CHINA.jpg","https://www.galeriadeviajes.com/banner/image_es/0000/0778/8.CHINA.jpg","https://www.galeriadeviajes.com/es/pages/entrenamientos",".jpg","848666","828.78","1200 x 703","C:\Proyectos\galeria-viajes-demo\assets\images\sitio-actual\8.CHINA.jpg","7/27/2026 10:12:35 AM"
"2.ITALIA-BRILLANTE.jpg","https://www.galeriadeviajes.com/banner/image_es/0000/0772/2.ITALIA-BRILLANTE.jpg","https://www.galeriadeviajes.com/es/pages/entrenamientos",".jpg","973899","951.07","1200 x 703","C:\Proyectos\galeria-viajes-demo\assets\images\sitio-actual\2.ITALIA-BRILLANTE.jpg","7/27/2026 10:12:37 AM"
"1.jpg","https://www.galeriadeviajes.com/files/2/Image/2020/1.jpg","https://www.galeriadeviajes.com/es/pages/viajes_virtuales",".jpg","82219","80.29","560 x 315","C:\Proyectos\galeria-viajes-demo\assets\images\sitio-actual\1.jpg","7/27/2026 10:12:39 AM"
"2.jpg","https://www.galeriadeviajes.com/files/2/Image/2020/2.jpg","https://www.galeriadeviajes.com/es/pages/viajes_virtuales",".jpg","118151","115.38","560 x 315","C:\Proyectos\galeria-viajes-demo\assets\images\sitio-actual\2.jpg","7/27/2026 10:12:39 AM"
"3.jpg","https://www.galeriadeviajes.com/files/2/Image/2020/3.jpg","https://www.galeriadeviajes.com/es/pages/viajes_virtuales",".jpg","66447","64.89","560 x 315","C:\Proyectos\galeria-viajes-demo\assets\images\sitio-actual\3.jpg","7/27/2026 10:12:40 AM"
"4.jpg","https://www.galeriadeviajes.com/files/2/Image/2020/4.jpg","https://www.galeriadeviajes.com/es/pages/viajes_virtuales",".jpg","120833","118","560 x 315","C:\Proyectos\galeria-viajes-demo\assets\images\sitio-actual\4.jpg","7/27/2026 10:12:41 AM"
"13.EUROPA-EN-BANDEJA-1.jpg","https://www.galeriadeviajes.com/banner/image_es/0000/0757/13.EUROPA-EN-BANDEJA.jpg","https://www.galeriadeviajes.com/es/pages/viajes_virtuales",".jpg","1018215","994.35","1200 x 703","C:\Proyectos\galeria-viajes-demo\assets\images\sitio-actual\13.EUROPA-EN-BANDEJA-1.jpg","7/27/2026 10:12:43 AM"
"15.EUROPA-ESTILO-MP1-1.jpg","https://www.galeriadeviajes.com/banner/image_es/0000/0759/15.EUROPA-ESTILO-MP1.jpg","https://www.galeriadeviajes.com/es/pages/viajes_virtuales",".jpg","764508","746.59","1200 x 703","C:\Proyectos\galeria-viajes-demo\assets\images\sitio-actual\15.EUROPA-ESTILO-MP1-1.jpg","7/27/2026 10:12:45 AM"
"OTO%C3%91O-EN-PORTUGAL-WEB.jpg","https://www.galeriadeviajes.com/files/2/Image/2018/OTO%C3%91O-EN-PORTUGAL-WEB.jpg","http://www.galeriadeviajes.com/es/news",".jpg","626509","611.83","800 x 600","C:\Proyectos\galeria-viajes-demo\assets\images\sitio-actual\OTO%C3%91O-EN-PORTUGAL-WEB.jpg","7/27/2026 10:12:48 AM"
"EUROPA-EN-OTO%C3%91O-FINAL-WEB.jpg","https://www.galeriadeviajes.com/files/2/Image/2018/EUROPA-EN-OTO%C3%91O-FINAL-WEB.jpg","http://www.galeriadeviajes.com/es/news",".jpg","515462","503.38","800 x 600","C:\Proyectos\galeria-viajes-demo\assets\images\sitio-actual\EUROPA-EN-OTO%C3%91O-FINAL-WEB.jpg","7/27/2026 10:12:50 AM"
"VENTA-ANTICIPADA-WEB.jpg","https://www.galeriadeviajes.com/files/2/Image/2018/VENTA-ANTICIPADA-WEB.jpg","http://www.galeriadeviajes.com/es/news",".jpg","416676","406.91","800 x 600","C:\Proyectos\galeria-viajes-demo\assets\images\sitio-actual\VENTA-ANTICIPADA-WEB.jpg","7/27/2026 10:12:52 AM"
"BOTSWANA-WEB.jpg","https://www.galeriadeviajes.com/files/2/Image/BOTSWANA-WEB.jpg","http://www.galeriadeviajes.com/es/news",".jpg","0","0","No disponible","C:\Proyectos\galeria-viajes-demo\assets\images\sitio-actual\BOTSWANA-WEB.jpg","7/27/2026 10:12:52 AM"
"EUROPA-MEJOR-QUE-NUNCA-BASE-DE-DATOS.jpg","https://www.galeriadeviajes.com/files/2/Image/OCTUBRE%202016/EUROPA-MEJOR-QUE-NUNCA-BASE-DE-DATOS.jpg","http://www.galeriadeviajes.com/es/news",".jpg","0","0","No disponible","C:\Proyectos\galeria-viajes-demo\assets\images\sitio-actual\EUROPA-MEJOR-QUE-NUNCA-BASE-DE-DATOS.jpg","7/27/2026 10:12:53 AM"
"EUROPA-2017-A-PRECIOS-DEL-2016.jpg","https://www.galeriadeviajes.com/files/2/Image/OCTUBRE%202016/EUROPA-2017-A-PRECIOS-DEL-2016.jpg","http://www.galeriadeviajes.com/es/news",".jpg","0","0","No disponible","C:\Proyectos\galeria-viajes-demo\assets\images\sitio-actual\EUROPA-2017-A-PRECIOS-DEL-2016.jpg","7/27/2026 10:12:53 AM"
"BLACK-FRIDAY-MIAMI.jpg","https://www.galeriadeviajes.com/files/2/Image/OCTUBRE%202016/BLACK-FRIDAY-MIAMI.jpg","http://www.galeriadeviajes.com/es/news",".jpg","0","0","No disponible","C:\Proyectos\galeria-viajes-demo\assets\images\sitio-actual\BLACK-FRIDAY-MIAMI.jpg","7/27/2026 10:12:54 AM"
"PRIVATE-JETS-AND-BEYOND.jpg","https://www.galeriadeviajes.com/files/2/Image/JULIO%202016/PRIVATE-JETS-AND-BEYOND.jpg","http://www.galeriadeviajes.com/es/news",".jpg","0","0","No disponible","C:\Proyectos\galeria-viajes-demo\assets\images\sitio-actual\PRIVATE-JETS-AND-BEYOND.jpg","7/27/2026 10:12:54 AM"
"COMUNICADO-NIZA.jpg","https://www.galeriadeviajes.com/files/2/Image/JULIO%202016/COMUNICADO-NIZA.jpg","http://www.galeriadeviajes.com/es/news",".jpg","0","0","No disponible","C:\Proyectos\galeria-viajes-demo\assets\images\sitio-actual\COMUNICADO-NIZA.jpg","7/27/2026 10:12:54 AM"
"EUROPA-VARIOS-CIRCUITOS-2-SERVIDOR.jpg","https://www.galeriadeviajes.com/files/2/Image/ABRIL%202016/EUROPA-VARIOS-CIRCUITOS-2-SERVIDOR.jpg","http://www.galeriadeviajes.com/es/news",".jpg","0","0","No disponible","C:\Proyectos\galeria-viajes-demo\assets\images\sitio-actual\EUROPA-VARIOS-CIRCUITOS-2-SERVIDOR.jpg","7/27/2026 10:12:55 AM"
"galeria_de_viajes.jpg","https://www.galeriadeviajes.com/files/2/images/galeria_de_viajes.jpg","https://www.galeriadeviajes.com/es/contact",".jpg","81987","80.07","270 x 400","C:\Proyectos\galeria-viajes-demo\assets\images\sitio-actual\galeria_de_viajes.jpg","7/27/2026 10:12:57 AM"
"Flag_of_Costa_Rica.png","https://www.galeriadeviajes.com/files/2/images/Flag_of_Costa_Rica.png","https://www.galeriadeviajes.com/es/contact",".png","4643","4.53","1280 x 768","C:\Proyectos\galeria-viajes-demo\assets\images\sitio-actual\Flag_of_Costa_Rica.png","7/27/2026 10:12:57 AM"
"map-location-contact.png","https://www.galeriadeviajes.com/files/2/images/map-location-contact.png","https://www.galeriadeviajes.com/es/contact",".png","934","0.91","100 x 100","C:\Proyectos\galeria-viajes-demo\assets\images\sitio-actual\map-location-contact.png","7/27/2026 10:12:57 AM"
"waze.png","https://www.galeriadeviajes.com/files/2/images/waze.png","https://www.galeriadeviajes.com/es/contact",".png","1550","1.51","64 x 64","C:\Proyectos\galeria-viajes-demo\assets\images\sitio-actual\waze.png","7/27/2026 10:12:58 AM"
"Flag_of_Guatemala.png","https://www.galeriadeviajes.com/files/2/images/Flag_of_Guatemala.png","https://www.galeriadeviajes.com/es/contact",".png","74490","72.74","1280 x 800","C:\Proyectos\galeria-viajes-demo\assets\images\sitio-actual\Flag_of_Guatemala.png","7/27/2026 10:12:58 AM"
"Barcelo_Solymar.jpg","https://www.galeriadeviajes.com/picture/image/0000/0325/medium_screen/Barcelo_Solymar.jpg","https://www.galeriadeviajes.com/es/categories/hoteles-recomendados/hotels",".jpg","28126","27.47","500 x 375","C:\Proyectos\galeria-viajes-demo\assets\images\sitio-actual\Barcelo_Solymar.jpg","7/27/2026 10:13:03 AM"
"dominican_beach.jpg","https://www.galeriadeviajes.com/picture/image/0000/0317/medium_screen/dominican_beach.jpg","https://www.galeriadeviajes.com/es/categories/hoteles-recomendados/hotels",".jpg","48188","47.06","500 x 375","C:\Proyectos\galeria-viajes-demo\assets\images\sitio-actual\dominican_beach.jpg","7/27/2026 10:13:03 AM"
"lina1.jpg","https://www.galeriadeviajes.com/picture/image/0000/0312/medium_screen/lina1.jpg","https://www.galeriadeviajes.com/es/categories/hoteles-recomendados/hotels",".jpg","65189","63.66","500 x 375","C:\Proyectos\galeria-viajes-demo\assets\images\sitio-actual\lina1.jpg","7/27/2026 10:13:04 AM"
"Barcelo_MarinaPalace.jpg","https://www.galeriadeviajes.com/picture/image/0000/0311/medium_screen/Barcelo_MarinaPalace.jpg","https://www.galeriadeviajes.com/es/categories/hoteles-recomendados/hotels",".jpg","34345","33.54","500 x 375","C:\Proyectos\galeria-viajes-demo\assets\images\sitio-actual\Barcelo_MarinaPalace.jpg","7/27/2026 10:13:05 AM"
"7.jpg","https://www.galeriadeviajes.com/picture/image/0000/0321/medium_screen/7.jpg","https://www.galeriadeviajes.com/es/categories/hoteles-recomendados/hotels",".jpg","180521","176.29","500 x 375","C:\Proyectos\galeria-viajes-demo\assets\images\sitio-actual\7.jpg","7/27/2026 10:13:06 AM"
"1-1.jpg","https://www.galeriadeviajes.com/picture/image/0000/5760/medium_screen/1.jpg","https://www.galeriadeviajes.com/es/categories/hoteles-recomendados/hotels",".jpg","318808","311.34","500 x 375","C:\Proyectos\galeria-viajes-demo\assets\images\sitio-actual\1-1.jpg","7/27/2026 10:13:08 AM"
"7.DUBAI-4-D_AS-1.jpg","https://www.galeriadeviajes.com/banner/image_es/0000/0751/7.DUBAI-4-D_AS.jpg","https://www.galeriadeviajes.com/es/pages/politica-de-privacidad",".jpg","451572","440.99","1200 x 703","C:\Proyectos\galeria-viajes-demo\assets\images\sitio-actual\7.DUBAI-4-D_AS-1.jpg","7/27/2026 10:13:10 AM"
"12.DUBAI-ABU-DHABI-1.jpg","https://www.galeriadeviajes.com/banner/image_es/0000/0756/12.DUBAI-ABU-DHABI.jpg","https://www.galeriadeviajes.com/es/pages/terminos-y-condiciones",".jpg","746050","728.56","1200 x 703","C:\Proyectos\galeria-viajes-demo\assets\images\sitio-actual\12.DUBAI-ABU-DHABI-1.jpg","7/27/2026 10:13:14 AM"
"13.EUROPA-EN-BANDEJA-INSIDE-1.jpg","https://www.galeriadeviajes.com/picture/image/0000/8229/medium_widescreen/13.EUROPA-EN-BANDEJA-INSIDE.jpg","https://www.galeriadeviajes.com/es/packets/europa-en-bandeja",".jpg","210807","205.87","500 x 281","C:\Proyectos\galeria-viajes-demo\assets\images\sitio-actual\13.EUROPA-EN-BANDEJA-INSIDE-1.jpg","7/27/2026 10:13:16 AM"
"14.EUROPA-EN-BREVE-INSIDE-1.jpg","https://www.galeriadeviajes.com/picture/image/0000/8230/medium_widescreen/14.EUROPA-EN-BREVE-INSIDE.jpg","https://www.galeriadeviajes.com/es/packets/europa-en-breve-desde-madrid",".jpg","107843","105.32","500 x 281","C:\Proyectos\galeria-viajes-demo\assets\images\sitio-actual\14.EUROPA-EN-BREVE-INSIDE-1.jpg","7/27/2026 10:13:18 AM"
"15.EUROPA-ESTILO-MP1-INSIDE-1.jpg","https://www.galeriadeviajes.com/picture/image/0000/8231/medium_widescreen/15.EUROPA-ESTILO-MP1-INSIDE.jpg","https://www.galeriadeviajes.com/es/packets/europa-estilo-mp-1-desde-madrid-a-madrid",".jpg","186098","181.74","500 x 281","C:\Proyectos\galeria-viajes-demo\assets\images\sitio-actual\15.EUROPA-ESTILO-MP1-INSIDE-1.jpg","7/27/2026 10:13:21 AM"
"16.EUROPA-EXQUISITA-INSIDE-1.jpg","https://www.galeriadeviajes.com/picture/image/0000/8232/medium_widescreen/16.EUROPA-EXQUISITA-INSIDE.jpg","https://www.galeriadeviajes.com/es/packets/europa-exquisita",".jpg","162997","159.18","500 x 281","C:\Proyectos\galeria-viajes-demo\assets\images\sitio-actual\16.EUROPA-EXQUISITA-INSIDE-1.jpg","7/27/2026 10:13:23 AM"
"17.LA-PEQUE_A-GIRA-EUROPEA-INSIDE-1.jpg","https://www.galeriadeviajes.com/picture/image/0000/8233/medium_widescreen/17.LA-PEQUE_A-GIRA-EUROPEA-INSIDE.jpg","https://www.galeriadeviajes.com/es/packets/la-pequena-gira-europea",".jpg","167775","163.84","500 x 281","C:\Proyectos\galeria-viajes-demo\assets\images\sitio-actual\17.LA-PEQUE_A-GIRA-EUROPEA-INSIDE-1.jpg","7/27/2026 10:13:26 AM"
"20.QUERIDA-EUROPA-INSIDE-1.jpg","https://www.galeriadeviajes.com/picture/image/0000/8236/medium_widescreen/20.QUERIDA-EUROPA-INSIDE.jpg","https://www.galeriadeviajes.com/es/packets/querida-europa",".jpg","161031","157.26","500 x 281","C:\Proyectos\galeria-viajes-demo\assets\images\sitio-actual\20.QUERIDA-EUROPA-INSIDE-1.jpg","7/27/2026 10:13:28 AM"
"21.TURQU_A-EN-OFERTA-INSIDE-1.jpg","https://www.galeriadeviajes.com/picture/image/0000/8237/medium_widescreen/21.TURQU_A-EN-OFERTA-INSIDE.jpg","https://www.galeriadeviajes.com/es/packets/turquia-en-oferta",".jpg","128117","125.11","500 x 281","C:\Proyectos\galeria-viajes-demo\assets\images\sitio-actual\21.TURQU_A-EN-OFERTA-INSIDE-1.jpg","7/27/2026 10:13:30 AM"
"23.MYKONOS-Y-SANTORINI-INSIDE-1.jpg","https://www.galeriadeviajes.com/picture/image/0000/8239/medium_widescreen/23.MYKONOS-Y-SANTORINI-INSIDE.jpg","https://www.galeriadeviajes.com/es/packets/mykonos-santorini",".jpg","153440","149.84","500 x 281","C:\Proyectos\galeria-viajes-demo\assets\images\sitio-actual\23.MYKONOS-Y-SANTORINI-INSIDE-1.jpg","7/27/2026 10:13:32 AM"
"1.CIUDADES-IMPERIALES-I-INSIDE-1.jpg","https://www.galeriadeviajes.com/picture/image/0000/8243/medium_widescreen/1.CIUDADES-IMPERIALES-I-INSIDE.jpg","https://www.galeriadeviajes.com/es/packets/ciudades-imperiales-1",".jpg","197485","192.86","500 x 281","C:\Proyectos\galeria-viajes-demo\assets\images\sitio-actual\1.CIUDADES-IMPERIALES-I-INSIDE-1.jpg","7/27/2026 10:13:35 AM"
"2.ITALIA-BRILLANTE-INSIDE-1.jpg","https://www.galeriadeviajes.com/picture/image/0000/8244/medium_widescreen/2.ITALIA-BRILLANTE-INSIDE.jpg","https://www.galeriadeviajes.com/es/packets/italia-brillante",".jpg","191710","187.22","500 x 281","C:\Proyectos\galeria-viajes-demo\assets\images\sitio-actual\2.ITALIA-BRILLANTE-INSIDE-1.jpg","7/27/2026 10:13:37 AM"
"3.MARAVILLAS-DE-EUROPA-INSIDE-1.jpg","https://www.galeriadeviajes.com/picture/image/0000/8245/medium_widescreen/3.MARAVILLAS-DE-EUROPA-INSIDE.jpg","https://www.galeriadeviajes.com/es/packets/maravillas-de-europa",".jpg","197474","192.85","500 x 281","C:\Proyectos\galeria-viajes-demo\assets\images\sitio-actual\3.MARAVILLAS-DE-EUROPA-INSIDE-1.jpg","7/27/2026 10:13:40 AM"
"4.LUCES-DE-EUROPA-INSIDE-1.jpg","https://www.galeriadeviajes.com/picture/image/0000/8246/medium_widescreen/4.LUCES-DE-EUROPA-INSIDE.jpg","https://www.galeriadeviajes.com/es/packets/luces-de-europa",".jpg","151573","148.02","500 x 281","C:\Proyectos\galeria-viajes-demo\assets\images\sitio-actual\4.LUCES-DE-EUROPA-INSIDE-1.jpg","7/27/2026 10:13:42 AM"
"4.CAPITALES-DEL-ARTE-INSIDE.jpg","https://www.galeriadeviajes.com/picture/image/0000/8220/medium_screen/4.CAPITALES-DEL-ARTE-INSIDE.jpg","https://www.galeriadeviajes.com/es/categories/europa/packets?page=2",".jpg","187092","182.71","500 x 375","C:\Proyectos\galeria-viajes-demo\assets\images\sitio-actual\4.CAPITALES-DEL-ARTE-INSIDE.jpg","7/27/2026 10:13:44 AM"
"7.ISLANDIA-INSIDE.jpg","https://www.galeriadeviajes.com/picture/image/0000/8249/medium_screen/7.ISLANDIA-INSIDE.jpg","https://www.galeriadeviajes.com/es/categories/europa/packets?page=2",".jpg","100572","98.21","500 x 375","C:\Proyectos\galeria-viajes-demo\assets\images\sitio-actual\7.ISLANDIA-INSIDE.jpg","7/27/2026 10:13:45 AM"
"18.LIMA-Y-CUSCO-B_SICO-INSIDE.jpg","https://www.galeriadeviajes.com/picture/image/0000/8234/medium_widescreen/18.LIMA-Y-CUSCO-B_SICO-INSIDE.jpg","https://www.galeriadeviajes.com/es/packets/lima-y-cusco-basico",".jpg","179748","175.54","500 x 281","C:\Proyectos\galeria-viajes-demo\assets\images\sitio-actual\18.LIMA-Y-CUSCO-B_SICO-INSIDE.jpg","7/27/2026 10:13:47 AM"
"6.DISFRUTANDO-PATAGONIA-INSIDE.jpg","https://www.galeriadeviajes.com/picture/image/0000/8222/medium_widescreen/6.DISFRUTANDO-PATAGONIA-INSIDE.jpg","https://www.galeriadeviajes.com/es/packets/disfrutando-patagonia",".jpg","209869","204.95","500 x 281","C:\Proyectos\galeria-viajes-demo\assets\images\sitio-actual\6.DISFRUTANDO-PATAGONIA-INSIDE.jpg","7/27/2026 10:13:50 AM"
"1.AL-ENCUENTRO-DEL-ESP_RITU-INCA-INSIDE.jpg","https://www.galeriadeviajes.com/picture/image/0000/8217/medium_widescreen/1.AL-ENCUENTRO-DEL-ESP_RITU-INCA-INSIDE.jpg","https://www.galeriadeviajes.com/es/packets/al-encuentro-del-espiritu-inca",".jpg","196184","191.59","500 x 281","C:\Proyectos\galeria-viajes-demo\assets\images\sitio-actual\1.AL-ENCUENTRO-DEL-ESP_RITU-INCA-INSIDE.jpg","7/27/2026 10:13:55 AM"
"8.CHINA-INSIDE.jpg","https://www.galeriadeviajes.com/picture/image/0000/8250/medium_widescreen/8.CHINA-INSIDE.jpg","https://www.galeriadeviajes.com/es/packets/china",".jpg","173583","169.51","500 x 281","C:\Proyectos\galeria-viajes-demo\assets\images\sitio-actual\8.CHINA-INSIDE.jpg","7/27/2026 10:13:58 AM"
"5.DESCUBRIENDO-GUATEMALA-INSIDE.jpg","https://www.galeriadeviajes.com/picture/image/0000/8221/medium_widescreen/5.DESCUBRIENDO-GUATEMALA-INSIDE.jpg","https://www.galeriadeviajes.com/es/packets/descubriendo-guatemala",".jpg","188569","184.15","500 x 281","C:\Proyectos\galeria-viajes-demo\assets\images\sitio-actual\5.DESCUBRIENDO-GUATEMALA-INSIDE.jpg","7/27/2026 10:14:00 AM"
"EUROPA-PARA-DOS-BASE-DE-DATOS-NUEVO.jpg","https://www.galeriadeviajes.com/files/2/Image/OCTUBRE%202015/EUROPA-PARA-DOS-BASE-DE-DATOS-NUEVO.jpg","https://www.galeriadeviajes.com/es/news?page=2",".jpg","0","0","No disponible","C:\Proyectos\galeria-viajes-demo\assets\images\sitio-actual\EUROPA-PARA-DOS-BASE-DE-DATOS-NUEVO.jpg","7/27/2026 10:14:13 AM"
"PROMO-20%25-Y-25%25-SERVIDOR.jpg","https://www.galeriadeviajes.com/files/2/Image/SETIEMBRE%202015/PROMO-20%25-Y-25%25-SERVIDOR.jpg","https://www.galeriadeviajes.com/es/news?page=2",".jpg","0","0","No disponible","C:\Proyectos\galeria-viajes-demo\assets\images\sitio-actual\PROMO-20%25-Y-25%25-SERVIDOR.jpg","7/27/2026 10:14:14 AM"
"PROMO-10%25-2016-SERVIDOR.jpg","https://www.galeriadeviajes.com/files/2/Image/AGOSTO%202015/PROMO-10%25-2016-SERVIDOR.jpg","https://www.galeriadeviajes.com/es/news?page=2",".jpg","0","0","No disponible","C:\Proyectos\galeria-viajes-demo\assets\images\sitio-actual\PROMO-10%25-2016-SERVIDOR.jpg","7/27/2026 10:14:14 AM"
"GANE-VIAJANDO-CAMBIOS-DOS.jpg","https://www.galeriadeviajes.com/files/2/Image/AGOSTO%202015/GANE-VIAJANDO-CAMBIOS-DOS.jpg","https://www.galeriadeviajes.com/es/news?page=2",".jpg","0","0","No disponible","C:\Proyectos\galeria-viajes-demo\assets\images\sitio-actual\GANE-VIAJANDO-CAMBIOS-DOS.jpg","7/27/2026 10:14:14 AM"
"COMUNICADO-T%C3%9ANEL-ALBERG-SERVIDOR.jpg","https://www.galeriadeviajes.com/files/2/Image/JULIO%202015/COMUNICADO-T%C3%9ANEL-ALBERG-SERVIDOR.jpg","https://www.galeriadeviajes.com/es/news?page=2",".jpg","0","0","No disponible","C:\Proyectos\galeria-viajes-demo\assets\images\sitio-actual\COMUNICADO-T%C3%9ANEL-ALBERG-SERVIDOR.jpg","7/27/2026 10:14:15 AM"
"COMUNICADO-GRECIA-SERVIDOR.jpg","https://www.galeriadeviajes.com/files/2/Image/JUNIO%202015/COMUNICADO-GRECIA-SERVIDOR.jpg","https://www.galeriadeviajes.com/es/news?page=2",".jpg","0","0","No disponible","C:\Proyectos\galeria-viajes-demo\assets\images\sitio-actual\COMUNICADO-GRECIA-SERVIDOR.jpg","7/27/2026 10:14:15 AM"
"TURQU%C3%8DA-FINAL-SERVIDOR.jpg","https://www.galeriadeviajes.com/files/2/Image/JUNIO%202015/TURQU%C3%8DA-FINAL-SERVIDOR.jpg","https://www.galeriadeviajes.com/es/news?page=2",".jpg","0","0","No disponible","C:\Proyectos\galeria-viajes-demo\assets\images\sitio-actual\TURQU%C3%8DA-FINAL-SERVIDOR.jpg","7/27/2026 10:14:16 AM"
"WiFi-GRATIS-NOTICIA-FINAL-NOTICIAS-WEB.jpg","https://www.galeriadeviajes.com/files/2/Image/MAYO%202015/WiFi-GRATIS-NOTICIA-FINAL-NOTICIAS-WEB.jpg","https://www.galeriadeviajes.com/es/news?page=2",".jpg","0","0","No disponible","C:\Proyectos\galeria-viajes-demo\assets\images\sitio-actual\WiFi-GRATIS-NOTICIA-FINAL-NOTICIAS-WEB.jpg","7/27/2026 10:14:16 AM"
"NUNCA-TANTO.jpg","https://www.galeriadeviajes.com/files/2/Image/MAYO%202015/NUNCA-TANTO.jpg","https://www.galeriadeviajes.com/es/news?page=2",".jpg","0","0","No disponible","C:\Proyectos\galeria-viajes-demo\assets\images\sitio-actual\NUNCA-TANTO.jpg","7/27/2026 10:14:17 AM"
"TRENES-RENFE-FINAL-CAMBIOS.jpg","https://www.galeriadeviajes.com/files/2/Image/FEBRERO%202015/TRENES-RENFE-FINAL-CAMBIOS.jpg","https://www.galeriadeviajes.com/es/news?page=3",".jpg","0","0","No disponible","C:\Proyectos\galeria-viajes-demo\assets\images\sitio-actual\TRENES-RENFE-FINAL-CAMBIOS.jpg","7/27/2026 10:14:18 AM"
"NEWS-WEB.jpg","https://www.galeriadeviajes.com/files/2/Image/FEBRERO%202015/NEWS-WEB.jpg","https://www.galeriadeviajes.com/es/news?page=3",".jpg","0","0","No disponible","C:\Proyectos\galeria-viajes-demo\assets\images\sitio-actual\NEWS-WEB.jpg","7/27/2026 10:14:19 AM"
"1-2.jpg","https://www.galeriadeviajes.com/files/2/Image/NOVIEMBRE/1.jpg","https://www.galeriadeviajes.com/es/news?page=3",".jpg","0","0","No disponible","C:\Proyectos\galeria-viajes-demo\assets\images\sitio-actual\1-2.jpg","7/27/2026 10:14:19 AM"
"2-1.jpg","https://www.galeriadeviajes.com/files/2/Image/NOVIEMBRE/2.jpg","https://www.galeriadeviajes.com/es/news?page=3",".jpg","0","0","No disponible","C:\Proyectos\galeria-viajes-demo\assets\images\sitio-actual\2-1.jpg","7/27/2026 10:14:20 AM"
"CUBANA-FINAL.jpg","https://www.galeriadeviajes.com/files/2/Image/OCTUBRE/CUBANA-FINAL.jpg","https://www.galeriadeviajes.com/es/news?page=3",".jpg","0","0","No disponible","C:\Proyectos\galeria-viajes-demo\assets\images\sitio-actual\CUBANA-FINAL.jpg","7/27/2026 10:14:20 AM"
"141008MS_EFL_SanLatam_RGB%5Bmedia%5D.jpg","https://www.galeriadeviajes.com/files/2/Image/OCTUBRE/141008MS_EFL_SanLatam_RGB%5Bmedia%5D.jpg","https://www.galeriadeviajes.com/es/news?page=3",".jpg","0","0","No disponible","C:\Proyectos\galeria-viajes-demo\assets\images\sitio-actual\141008MS_EFL_SanLatam_RGB%5Bmedia%5D.jpg","7/27/2026 10:14:20 AM"
"POLITICAS-DISNEY.jpg","https://www.galeriadeviajes.com/files/2/Image/AGOSTO/POLITICAS-DISNEY.jpg","https://www.galeriadeviajes.com/es/news?page=3",".jpg","0","0","No disponible","C:\Proyectos\galeria-viajes-demo\assets\images\sitio-actual\POLITICAS-DISNEY.jpg","7/27/2026 10:14:21 AM"
"MONGOLIA.jpg","https://www.galeriadeviajes.com/files/2/Image/JULIO/MONGOLIA.jpg","https://www.galeriadeviajes.com/es/news?page=3",".jpg","0","0","No disponible","C:\Proyectos\galeria-viajes-demo\assets\images\sitio-actual\MONGOLIA.jpg","7/27/2026 10:14:21 AM"
"TIPS-PARA-VIAJAR-IMPRESI%C3%93N.jpg","https://www.galeriadeviajes.com/files/2/Image/TIPS-PARA-VIAJAR-IMPRESI%C3%93N.jpg","https://www.galeriadeviajes.com/es/news?page=3",".jpg","0","0","No disponible","C:\Proyectos\galeria-viajes-demo\assets\images\sitio-actual\TIPS-PARA-VIAJAR-IMPRESI%C3%93N.jpg","7/27/2026 10:14:22 AM"
"140522MS_EFL_SanLatam_RGB%5Bmedia%5D.jpg","https://www.galeriadeviajes.com/files/2/Image/140522MS_EFL_SanLatam_RGB%5Bmedia%5D.jpg","https://www.galeriadeviajes.com/es/news?page=4",".jpg","0","0","No disponible","C:\Proyectos\galeria-viajes-demo\assets\images\sitio-actual\140522MS_EFL_SanLatam_RGB%5Bmedia%5D.jpg","7/27/2026 10:14:23 AM"
"BAG-TAG.jpg","https://www.galeriadeviajes.com/files/2/Image/JULIO/BAG-TAG.jpg","https://www.galeriadeviajes.com/es/news?page=4",".jpg","0","0","No disponible","C:\Proyectos\galeria-viajes-demo\assets\images\sitio-actual\BAG-TAG.jpg","7/27/2026 10:14:24 AM"
"MAPAPLUS%20INFORMA.jpg","https://www.galeriadeviajes.com/files/2/Image/JULIO/MAPAPLUS%20INFORMA.jpg","https://www.galeriadeviajes.com/es/news?page=4",".jpg","0","0","No disponible","C:\Proyectos\galeria-viajes-demo\assets\images\sitio-actual\MAPAPLUS%20INFORMA.jpg","7/27/2026 10:14:24 AM"
"Barcelo_Solymar-1.jpg","https://www.galeriadeviajes.com/picture/image/0000/0325/medium_widescreen/Barcelo_Solymar.jpg","https://www.galeriadeviajes.com/es/hotels/barcelo-solymar",".jpg","25188","24.6","500 x 281","C:\Proyectos\galeria-viajes-demo\assets\images\sitio-actual\Barcelo_Solymar-1.jpg","7/27/2026 10:14:26 AM"
"5s.png","https://www.galeriadeviajes.com/hotel_category/image/0000/0026/5s.png","https://www.galeriadeviajes.com/es/hotels/barcelo-solymar",".png","1266","1.24","70 x 15","C:\Proyectos\galeria-viajes-demo\assets\images\sitio-actual\5s.png","7/27/2026 10:14:26 AM"
"dominican_beach-1.jpg","https://www.galeriadeviajes.com/picture/image/0000/0317/medium_widescreen/dominican_beach.jpg","https://www.galeriadeviajes.com/es/hotels/barcelo-dominican-beach",".jpg","37221","36.35","500 x 281","C:\Proyectos\galeria-viajes-demo\assets\images\sitio-actual\dominican_beach-1.jpg","7/27/2026 10:14:28 AM"
"4s.png","https://www.galeriadeviajes.com/hotel_category/image/0000/0025/4s.png","https://www.galeriadeviajes.com/es/hotels/barcelo-dominican-beach",".png","1388","1.36","70 x 15","C:\Proyectos\galeria-viajes-demo\assets\images\sitio-actual\4s.png","7/27/2026 10:14:28 AM"
"lina1-1.jpg","https://www.galeriadeviajes.com/picture/image/0000/0312/medium_widescreen/lina1.jpg","https://www.galeriadeviajes.com/es/hotels/barcelo-lina",".jpg","59185","57.8","500 x 281","C:\Proyectos\galeria-viajes-demo\assets\images\sitio-actual\lina1-1.jpg","7/27/2026 10:14:30 AM"
"lina2.jpg","https://www.galeriadeviajes.com/picture/image/0000/0313/medium_widescreen/lina2.jpg","https://www.galeriadeviajes.com/es/hotels/barcelo-lina",".jpg","40871","39.91","500 x 281","C:\Proyectos\galeria-viajes-demo\assets\images\sitio-actual\lina2.jpg","7/27/2026 10:14:31 AM"
"lina3.jpg","https://www.galeriadeviajes.com/picture/image/0000/0314/medium_widescreen/lina3.jpg","https://www.galeriadeviajes.com/es/hotels/barcelo-lina",".jpg","46451","45.36","500 x 281","C:\Proyectos\galeria-viajes-demo\assets\images\sitio-actual\lina3.jpg","7/27/2026 10:14:31 AM"
"lina4.jpg","https://www.galeriadeviajes.com/picture/image/0000/0315/medium_widescreen/lina4.jpg","https://www.galeriadeviajes.com/es/hotels/barcelo-lina",".jpg","53232","51.98","500 x 281","C:\Proyectos\galeria-viajes-demo\assets\images\sitio-actual\lina4.jpg","7/27/2026 10:14:32 AM"
"lina5.jpg","https://www.galeriadeviajes.com/picture/image/0000/0316/medium_widescreen/lina5.jpg","https://www.galeriadeviajes.com/es/hotels/barcelo-lina",".jpg","54478","53.2","500 x 281","C:\Proyectos\galeria-viajes-demo\assets\images\sitio-actual\lina5.jpg","7/27/2026 10:14:32 AM"
"Barcelo_MarinaPalace-1.jpg","https://www.galeriadeviajes.com/picture/image/0000/0311/medium_widescreen/Barcelo_MarinaPalace.jpg","https://www.galeriadeviajes.com/es/hotels/barcelo-marina-palace",".jpg","30421","29.71","500 x 281","C:\Proyectos\galeria-viajes-demo\assets\images\sitio-actual\Barcelo_MarinaPalace-1.jpg","7/27/2026 10:14:34 AM"
"7-1.jpg","https://www.galeriadeviajes.com/picture/image/0000/0321/medium_widescreen/7.jpg","https://www.galeriadeviajes.com/es/hotels/barcelo-bavaro-beach-caribe-beach",".jpg","155125","151.49","500 x 281","C:\Proyectos\galeria-viajes-demo\assets\images\sitio-actual\7-1.jpg","7/27/2026 10:14:36 AM"
"1-3.jpg","https://www.galeriadeviajes.com/picture/image/0000/0322/medium_widescreen/1.jpg","https://www.galeriadeviajes.com/es/hotels/barcelo-bavaro-beach-caribe-beach",".jpg","221942","216.74","500 x 281","C:\Proyectos\galeria-viajes-demo\assets\images\sitio-actual\1-3.jpg","7/27/2026 10:14:38 AM"
"6.jpg","https://www.galeriadeviajes.com/picture/image/0000/0323/medium_widescreen/6.jpg","https://www.galeriadeviajes.com/es/hotels/barcelo-bavaro-beach-caribe-beach",".jpg","142204","138.87","500 x 281","C:\Proyectos\galeria-viajes-demo\assets\images\sitio-actual\6.jpg","7/27/2026 10:14:39 AM"
"4-1.jpg","https://www.galeriadeviajes.com/picture/image/0000/0324/medium_widescreen/4.jpg","https://www.galeriadeviajes.com/es/hotels/barcelo-bavaro-beach-caribe-beach",".jpg","158981","155.25","500 x 281","C:\Proyectos\galeria-viajes-demo\assets\images\sitio-actual\4-1.jpg","7/27/2026 10:14:40 AM"
"2-2.jpg","https://www.galeriadeviajes.com/picture/image/0000/5755/medium_widescreen/2.jpg","https://www.galeriadeviajes.com/es/hotels/barcelo-bavaro-beach-caribe-beach",".jpg","121971","119.11","500 x 281","C:\Proyectos\galeria-viajes-demo\assets\images\sitio-actual\2-2.jpg","7/27/2026 10:14:40 AM"
"8.jpg","https://www.galeriadeviajes.com/picture/image/0000/5756/medium_widescreen/8.jpg","https://www.galeriadeviajes.com/es/hotels/barcelo-bavaro-beach-caribe-beach",".jpg","188363","183.95","500 x 281","C:\Proyectos\galeria-viajes-demo\assets\images\sitio-actual\8.jpg","7/27/2026 10:14:42 AM"
"5.jpg","https://www.galeriadeviajes.com/picture/image/0000/5757/medium_widescreen/5.jpg","https://www.galeriadeviajes.com/es/hotels/barcelo-bavaro-beach-caribe-beach",".jpg","241192","235.54","500 x 281","C:\Proyectos\galeria-viajes-demo\assets\images\sitio-actual\5.jpg","7/27/2026 10:14:43 AM"
"3-1.jpg","https://www.galeriadeviajes.com/picture/image/0000/5758/medium_widescreen/3.jpg","https://www.galeriadeviajes.com/es/hotels/barcelo-bavaro-beach-caribe-beach",".jpg","196494","191.89","500 x 281","C:\Proyectos\galeria-viajes-demo\assets\images\sitio-actual\3-1.jpg","7/27/2026 10:14:44 AM"
"9.jpg","https://www.galeriadeviajes.com/picture/image/0000/5759/medium_widescreen/9.jpg","https://www.galeriadeviajes.com/es/hotels/barcelo-bavaro-beach-caribe-beach",".jpg","231494","226.07","500 x 281","C:\Proyectos\galeria-viajes-demo\assets\images\sitio-actual\9.jpg","7/27/2026 10:14:45 AM"
"1-4.jpg","https://www.galeriadeviajes.com/picture/image/0000/5760/medium_widescreen/1.jpg","https://www.galeriadeviajes.com/es/hotels/barcelo-bavaro-palace-deluxe",".jpg","253508","247.57","500 x 281","C:\Proyectos\galeria-viajes-demo\assets\images\sitio-actual\1-4.jpg","7/27/2026 10:14:47 AM"
"2-3.jpg","https://www.galeriadeviajes.com/picture/image/0000/5761/medium_widescreen/2.jpg","https://www.galeriadeviajes.com/es/hotels/barcelo-bavaro-palace-deluxe",".jpg","165300","161.43","500 x 281","C:\Proyectos\galeria-viajes-demo\assets\images\sitio-actual\2-3.jpg","7/27/2026 10:14:48 AM"
"3-2.jpg","https://www.galeriadeviajes.com/picture/image/0000/5762/medium_widescreen/3.jpg","https://www.galeriadeviajes.com/es/hotels/barcelo-bavaro-palace-deluxe",".jpg","145821","142.4","500 x 281","C:\Proyectos\galeria-viajes-demo\assets\images\sitio-actual\3-2.jpg","7/27/2026 10:14:49 AM"
"4-2.jpg","https://www.galeriadeviajes.com/picture/image/0000/5763/medium_widescreen/4.jpg","https://www.galeriadeviajes.com/es/hotels/barcelo-bavaro-palace-deluxe",".jpg","206955","202.1","500 x 281","C:\Proyectos\galeria-viajes-demo\assets\images\sitio-actual\4-2.jpg","7/27/2026 10:14:50 AM"
"5-1.jpg","https://www.galeriadeviajes.com/picture/image/0000/5764/medium_widescreen/5.jpg","https://www.galeriadeviajes.com/es/hotels/barcelo-bavaro-palace-deluxe",".jpg","153236","149.64","500 x 281","C:\Proyectos\galeria-viajes-demo\assets\images\sitio-actual\5-1.jpg","7/27/2026 10:14:51 AM"
"6-1.jpg","https://www.galeriadeviajes.com/picture/image/0000/5765/medium_widescreen/6.jpg","https://www.galeriadeviajes.com/es/hotels/barcelo-bavaro-palace-deluxe",".jpg","142949","139.6","500 x 281","C:\Proyectos\galeria-viajes-demo\assets\images\sitio-actual\6-1.jpg","7/27/2026 10:14:52 AM"
"7-2.jpg","https://www.galeriadeviajes.com/picture/image/0000/5766/medium_widescreen/7.jpg","https://www.galeriadeviajes.com/es/hotels/barcelo-bavaro-palace-deluxe",".jpg","139288","136.02","500 x 281","C:\Proyectos\galeria-viajes-demo\assets\images\sitio-actual\7-2.jpg","7/27/2026 10:14:53 AM"
"8-1.jpg","https://www.galeriadeviajes.com/picture/image/0000/5767/medium_widescreen/8.jpg","https://www.galeriadeviajes.com/es/hotels/barcelo-bavaro-palace-deluxe",".jpg","176272","172.14","500 x 281","C:\Proyectos\galeria-viajes-demo\assets\images\sitio-actual\8-1.jpg","7/27/2026 10:14:54 AM"
"9-1.jpg","https://www.galeriadeviajes.com/picture/image/0000/5768/medium_widescreen/9.jpg","https://www.galeriadeviajes.com/es/hotels/barcelo-bavaro-palace-deluxe",".jpg","228971","223.6","500 x 281","C:\Proyectos\galeria-viajes-demo\assets\images\sitio-actual\9-1.jpg","7/27/2026 10:14:56 AM"
"12.DUBAI-ABU-DHABI-INSIDE.jpg","https://www.galeriadeviajes.com/picture/image/0000/8228/medium_widescreen/12.DUBAI-ABU-DHABI-INSIDE.jpg","https://www.galeriadeviajes.com/es/packets/dubai-y-abu-dhabi",".jpg","118541","115.76","500 x 281","C:\Proyectos\galeria-viajes-demo\assets\images\sitio-actual\12.DUBAI-ABU-DHABI-INSIDE.jpg","7/27/2026 10:14:59 AM"
"4.CAPITALES-DEL-ARTE-INSIDE-1.jpg","https://www.galeriadeviajes.com/picture/image/0000/8220/medium_widescreen/4.CAPITALES-DEL-ARTE-INSIDE.jpg","https://www.galeriadeviajes.com/es/packets/capitales-del-arte",".jpg","172674","168.63","500 x 281","C:\Proyectos\galeria-viajes-demo\assets\images\sitio-actual\4.CAPITALES-DEL-ARTE-INSIDE-1.jpg","7/27/2026 10:15:24 AM"
"7.ISLANDIA-INSIDE-1.jpg","https://www.galeriadeviajes.com/picture/image/0000/8249/medium_widescreen/7.ISLANDIA-INSIDE.jpg","https://www.galeriadeviajes.com/es/packets/islandia",".jpg","87193","85.15","500 x 281","C:\Proyectos\galeria-viajes-demo\assets\images\sitio-actual\7.ISLANDIA-INSIDE-1.jpg","7/27/2026 10:15:26 AM"
"montelimarbeach1.jpg","https://www.galeriadeviajes.com/picture/image/0000/0326/medium_screen/montelimarbeach1.jpg","http://www.galeriadeviajes.com/es/hotels",".jpg","75568","73.8","500 x 375","C:\Proyectos\galeria-viajes-demo\assets\images\sitio-actual\montelimarbeach1.jpg","7/27/2026 10:16:08 AM"
"puertoplata1.jpg","https://www.galeriadeviajes.com/picture/image/0000/0330/medium_screen/puertoplata1.jpg","http://www.galeriadeviajes.com/es/hotels",".jpg","61294","59.86","500 x 375","C:\Proyectos\galeria-viajes-demo\assets\images\sitio-actual\puertoplata1.jpg","7/27/2026 10:16:09 AM"
"puntacana1.jpg","https://www.galeriadeviajes.com/picture/image/0000/0335/medium_screen/puntacana1.jpg","http://www.galeriadeviajes.com/es/hotels",".jpg","61285","59.85","500 x 375","C:\Proyectos\galeria-viajes-demo\assets\images\sitio-actual\puntacana1.jpg","7/27/2026 10:16:10 AM"
"casa_blanca_mexico.jpg","https://www.galeriadeviajes.com/picture/image/0000/0084/medium_screen/casa_blanca_mexico.jpg","http://www.galeriadeviajes.com/es/hotels",".jpg","140316","137.03","500 x 375","C:\Proyectos\galeria-viajes-demo\assets\images\sitio-actual\casa_blanca_mexico.jpg","7/27/2026 10:16:11 AM"
"vedado-reception-desk-200.jpg","https://www.galeriadeviajes.com/picture/image/0000/0085/medium_screen/vedado-reception-desk-200.jpg","http://www.galeriadeviajes.com/es/hotels",".jpg","49144","47.99","500 x 375","C:\Proyectos\galeria-viajes-demo\assets\images\sitio-actual\vedado-reception-desk-200.jpg","7/27/2026 10:16:11 AM"
"montelimarbeach1-1.jpg","https://www.galeriadeviajes.com/picture/image/0000/0326/medium_widescreen/montelimarbeach1.jpg","https://www.galeriadeviajes.com/es/hotels/80",".jpg","69463","67.83","500 x 281","C:\Proyectos\galeria-viajes-demo\assets\images\sitio-actual\montelimarbeach1-1.jpg","7/27/2026 10:16:27 AM"
"montelimarbeach2.jpg","https://www.galeriadeviajes.com/picture/image/0000/0327/medium_widescreen/montelimarbeach2.jpg","https://www.galeriadeviajes.com/es/hotels/80",".jpg","59473","58.08","500 x 281","C:\Proyectos\galeria-viajes-demo\assets\images\sitio-actual\montelimarbeach2.jpg","7/27/2026 10:16:28 AM"
"montelimarbeach3.jpg","https://www.galeriadeviajes.com/picture/image/0000/0328/medium_widescreen/montelimarbeach3.jpg","https://www.galeriadeviajes.com/es/hotels/80",".jpg","90512","88.39","500 x 281","C:\Proyectos\galeria-viajes-demo\assets\images\sitio-actual\montelimarbeach3.jpg","7/27/2026 10:16:28 AM"
"montelimarbeach4.jpg","https://www.galeriadeviajes.com/picture/image/0000/0329/medium_widescreen/montelimarbeach4.jpg","https://www.galeriadeviajes.com/es/hotels/80",".jpg","74312","72.57","500 x 281","C:\Proyectos\galeria-viajes-demo\assets\images\sitio-actual\montelimarbeach4.jpg","7/27/2026 10:16:29 AM"
"puertoplata1-1.jpg","https://www.galeriadeviajes.com/picture/image/0000/0330/medium_widescreen/puertoplata1.jpg","https://www.galeriadeviajes.com/es/hotels/81",".jpg","56452","55.13","500 x 281","C:\Proyectos\galeria-viajes-demo\assets\images\sitio-actual\puertoplata1-1.jpg","7/27/2026 10:16:31 AM"
"puertoplata2.jpg","https://www.galeriadeviajes.com/picture/image/0000/0331/medium_widescreen/puertoplata2.jpg","https://www.galeriadeviajes.com/es/hotels/81",".jpg","66318","64.76","500 x 281","C:\Proyectos\galeria-viajes-demo\assets\images\sitio-actual\puertoplata2.jpg","7/27/2026 10:16:31 AM"
"puertoplata3.jpg","https://www.galeriadeviajes.com/picture/image/0000/0332/medium_widescreen/puertoplata3.jpg","https://www.galeriadeviajes.com/es/hotels/81",".jpg","59054","57.67","500 x 281","C:\Proyectos\galeria-viajes-demo\assets\images\sitio-actual\puertoplata3.jpg","7/27/2026 10:16:32 AM"
"puertoplata4.jpg","https://www.galeriadeviajes.com/picture/image/0000/0333/medium_widescreen/puertoplata4.jpg","https://www.galeriadeviajes.com/es/hotels/81",".jpg","42323","41.33","500 x 281","C:\Proyectos\galeria-viajes-demo\assets\images\sitio-actual\puertoplata4.jpg","7/27/2026 10:16:33 AM"
"puertoplata5.jpg","https://www.galeriadeviajes.com/picture/image/0000/0334/medium_widescreen/puertoplata5.jpg","https://www.galeriadeviajes.com/es/hotels/81",".jpg","64512","63","500 x 281","C:\Proyectos\galeria-viajes-demo\assets\images\sitio-actual\puertoplata5.jpg","7/27/2026 10:16:33 AM"
"puntacana1-1.jpg","https://www.galeriadeviajes.com/picture/image/0000/0335/medium_widescreen/puntacana1.jpg","https://www.galeriadeviajes.com/es/hotels/82",".jpg","56601","55.27","500 x 281","C:\Proyectos\galeria-viajes-demo\assets\images\sitio-actual\puntacana1-1.jpg","7/27/2026 10:16:35 AM"
"puntacana2.jpg","https://www.galeriadeviajes.com/picture/image/0000/0336/medium_widescreen/puntacana2.jpg","https://www.galeriadeviajes.com/es/hotels/82",".jpg","57701","56.35","500 x 281","C:\Proyectos\galeria-viajes-demo\assets\images\sitio-actual\puntacana2.jpg","7/27/2026 10:16:36 AM"
"puntacana3.jpg","https://www.galeriadeviajes.com/picture/image/0000/0337/medium_widescreen/puntacana3.jpg","https://www.galeriadeviajes.com/es/hotels/82",".jpg","53219","51.97","500 x 281","C:\Proyectos\galeria-viajes-demo\assets\images\sitio-actual\puntacana3.jpg","7/27/2026 10:16:36 AM"
"puntacana4.jpg","https://www.galeriadeviajes.com/picture/image/0000/0338/medium_widescreen/puntacana4.jpg","https://www.galeriadeviajes.com/es/hotels/82",".jpg","64000","62.5","500 x 281","C:\Proyectos\galeria-viajes-demo\assets\images\sitio-actual\puntacana4.jpg","7/27/2026 10:16:37 AM"
"puntacana5.jpg","https://www.galeriadeviajes.com/picture/image/0000/0339/medium_widescreen/puntacana5.jpg","https://www.galeriadeviajes.com/es/hotels/82",".jpg","70019","68.38","500 x 281","C:\Proyectos\galeria-viajes-demo\assets\images\sitio-actual\puntacana5.jpg","7/27/2026 10:16:38 AM"
"casa_blanca_mexico-1.jpg","https://www.galeriadeviajes.com/picture/image/0000/0084/medium_widescreen/casa_blanca_mexico.jpg","https://www.galeriadeviajes.com/es/hotels/83",".jpg","106000","103.52","500 x 281","C:\Proyectos\galeria-viajes-demo\assets\images\sitio-actual\casa_blanca_mexico-1.jpg","7/27/2026 10:16:40 AM"
"vedado-reception-desk-200-1.jpg","https://www.galeriadeviajes.com/picture/image/0000/0085/medium_widescreen/vedado-reception-desk-200.jpg","https://www.galeriadeviajes.com/es/hotels/84",".jpg","38346","37.45","500 x 281","C:\Proyectos\galeria-viajes-demo\assets\images\sitio-actual\vedado-reception-desk-200-1.jpg","7/27/2026 10:16:42 AM"
"vedado-double-room-200.jpg","https://www.galeriadeviajes.com/picture/image/0000/0086/medium_widescreen/vedado-double-room-200.jpg","https://www.galeriadeviajes.com/es/hotels/84",".jpg","29724","29.03","500 x 281","C:\Proyectos\galeria-viajes-demo\assets\images\sitio-actual\vedado-double-room-200.jpg","7/27/2026 10:16:42 AM"
"vedado-gymnasium-200.jpg","https://www.galeriadeviajes.com/picture/image/0000/0087/medium_widescreen/vedado-gymnasium-200.jpg","https://www.galeriadeviajes.com/es/hotels/84",".jpg","38732","37.82","500 x 281","C:\Proyectos\galeria-viajes-demo\assets\images\sitio-actual\vedado-gymnasium-200.jpg","7/27/2026 10:16:43 AM"
"vedado-lobby-200.jpg","https://www.galeriadeviajes.com/picture/image/0000/0088/medium_widescreen/vedado-lobby-200.jpg","https://www.galeriadeviajes.com/es/hotels/84",".jpg","33996","33.2","500 x 281","C:\Proyectos\galeria-viajes-demo\assets\images\sitio-actual\vedado-lobby-200.jpg","7/27/2026 10:16:43 AM"
"vedado-swimming-pool-200.jpg","https://www.galeriadeviajes.com/picture/image/0000/0089/medium_widescreen/vedado-swimming-pool-200.jpg","https://www.galeriadeviajes.com/es/hotels/84",".jpg","37120","36.25","500 x 281","C:\Proyectos\galeria-viajes-demo\assets\images\sitio-actual\vedado-swimming-pool-200.jpg","7/27/2026 10:16:44 AM"
